[{"username":"walt1","roles":{"User":2001,"Editor":1984,"Admin":5150},"password":"$2b$10$33Q9jtAoaXC4aUX9Bjihxum2BHG.ENB6JyoCvPjnuXpITtUd8x8/y","refreshToken":"eyJhbGciOiJIUzI1NiIsInR5cCI6IkpXVCJ9.eyJ1c2VybmFtZSI6IndhbHQxIiwiaWF0IjoxNjc5NDY1NDM4LCJleHAiOjE2Nzk1NTE4Mzh9.Kz8xNE28uHVjvKEWQGyNpLwDAfr_MegTCuQat9n-spk"},{"username":"dave1","roles":{"User":2001},"password":"$2b$10$oEbHZlazDHE1YnnJ4XdpGuGh9a/JZOO7Xe6WZtRRsSMgprxMXnKza","refreshToken":"eyJhbGciOiJIUzI1NiIsInR5cCI6IkpXVCJ9.eyJ1c2VybmFtZSI6ImRhdmUxIiwiaWF0IjoxNjc5NDY1NDc5LCJleHAiOjE2Nzk1NTE4Nzl9.SiLK_VeWqy8XWZMxROvZg_N54HvkFi7AoMsV4Q1_1Pc"},{"username":"walt2","roles":{"User":2001,"Editor":1984},"password":"$2b$10$cvfmz./teMWDccIMChAxZ.HqgL3eoQGYTm1z9lGy5iRf8D7NNargC","refreshToken":"eyJhbGciOiJIUzI1NiIsInR5cCI6IkpXVCJ9.eyJ1c2VybmFtZSI6IndhbHQyIiwiaWF0IjoxNjc5NDY1NTA2LCJleHAiOjE2Nzk1NTE5MDZ9.xvPuuWPh4rUuIkAnw_aGb2BasYVuhdrsXCY8fpaDJ_U"}]